Datetime,Water Level (m)
2025-04-25 12:00:00,0.7101082
2025-04-25 13:00:00,1.0011086
2025-04-25 14:00:00,1.0195667
2025-04-25 15:00:00,0.7183968
2025-04-25 16:00:00,0.23896635
2025-04-25 17:00:00,-0.28622597
2025-04-25 18:00:00,-0.7751742
2025-04-25 19:00:00,-1.1619672
2025-04-25 20:00:00,-1.3383485
2025-04-25 21:00:00,-1.1385969
2025-04-25 22:00:00,-0.60693294
2025-04-25 23:00:00,-0.003536198
2025-04-26 00:00:00,0.5945919
2025-04-26 01:00:00,1.0387077
2025-04-26 02:00:00,1.198549
2025-04-26 03:00:00,1.0041915
2025-04-26 04:00:00,0.5516344
2025-04-26 05:00:00,0.055935778
2025-04-26 06:00:00,-0.42915356
2025-04-26 07:00:00,-0.8709345
2025-04-26 08:00:00,-1.1734014
2025-04-26 09:00:00,-1.1816981
2025-04-26 10:00:00,-0.7725206
2025-04-26 11:00:00,-0.17287885
2025-04-26 12:00:00,0.44895178
2025-04-26 13:00:00,0.95960116
2025-04-26 14:00:00,1.1767716
2025-04-26 15:00:00,1.0289617
2025-04-26 16:00:00,0.5801249
2025-04-26 17:00:00,0.026262658
2025-04-26 18:00:00,-0.5122476
2025-04-26 19:00:00,-0.98409563
2025-04-26 20:00:00,-1.3447654
2025-04-26 21:00:00,-1.4670199
2025-04-26 22:00:00,-1.1159991
2025-04-26 23:00:00,-0.4893356
2025-04-27 00:00:00,0.19005309
2025-04-27 01:00:00,0.85216576
2025-04-27 02:00:00,1.2863412
2025-04-27 03:00:00,1.360788
2025-04-27 04:00:00,1.0224743
2025-04-27 05:00:00,0.4802786
2025-04-27 06:00:00,-0.06856724
2025-04-27 07:00:00,-0.5804668
2025-04-27 08:00:00,-1.0233136
2025-04-27 09:00:00,-1.2851552
2025-04-27 10:00:00,-1.1819844
2025-04-27 11:00:00,-0.66637915
2025-04-27 12:00:00,-0.02913557
2025-04-27 13:00:00,0.60543275
2025-04-27 14:00:00,1.0794821
2025-04-27 15:00:00,1.2422849
2025-04-27 16:00:00,0.977588
2025-04-27 17:00:00,0.40783685
2025-04-27 18:00:00,-0.1808085
2025-04-27 19:00:00,-0.7086474
2025-04-27 20:00:00,-1.1613811
2025-04-27 21:00:00,-1.4656938
2025-04-27 22:00:00,-1.4337411
2025-04-27 23:00:00,-0.9156687
2025-04-28 00:00:00,-0.2406429
2025-04-28 01:00:00,0.484166
2025-04-28 02:00:00,1.1110046
2025-04-28 03:00:00,1.4284301
2025-04-28 04:00:00,1.3783875
2025-04-28 05:00:00,0.96222293
2025-04-28 06:00:00,0.36857262
2025-04-28 07:00:00,-0.19784984
2025-04-28 08:00:00,-0.69202507
2025-04-28 09:00:00,-1.1085111
2025-04-28 10:00:00,-1.320622
2025-04-28 11:00:00,-1.0952824
2025-04-28 12:00:00,-0.5026442
2025-04-28 13:00:00,0.15827523
2025-04-28 14:00:00,0.76097536
2025-04-28 15:00:00,1.1416484
2025-04-28 16:00:00,1.1586527
2025-04-28 17:00:00,0.731569
2025-04-28 18:00:00,0.16672495
2025-04-28 19:00:00,-0.37660405
2025-04-28 20:00:00,-0.87130255
2025-04-28 21:00:00,-1.2725016
2025-04-28 22:00:00,-1.4857683
2025-04-28 23:00:00,-1.3101718
2025-04-29 00:00:00,-0.7209631
2025-04-29 01:00:00,-0.03615949
2025-04-29 02:00:00,0.67546475
2025-04-29 03:00:00,1.2415305
2025-04-29 04:00:00,1.4963766
2025-04-29 05:00:00,1.3271192
2025-04-29 06:00:00,0.78626275
2025-04-29 07:00:00,0.19458915
2025-04-29 08:00:00,-0.34201053
2025-04-29 09:00:00,-0.81175727
2025-04-29 10:00:00,-1.1760563
2025-04-29 11:00:00,-1.2642626
2025-04-29 12:00:00,-0.90383154
2025-04-29 13:00:00,-0.2991329
2025-04-29 14:00:00,0.31721646
2025-04-29 15:00:00,0.8426243
2025-04-29 16:00:00,1.0865113
2025-04-29 17:00:00,0.9188921
2025-04-29 18:00:00,0.46509013
2025-04-29 19:00:00,-0.028666874
2025-04-29 20:00:00,-0.5157834
2025-04-29 21:00:00,-0.9534054
2025-04-29 22:00:00,-1.2811332
2025-04-29 23:00:00,-1.3847705
2025-04-30 00:00:00,-1.0625639
2025-04-30 01:00:00,-0.45941135
2025-04-30 02:00:00,0.18703286
2025-04-30 03:00:00,0.8244674
2025-04-30 04:00:00,1.2761728
2025-04-30 05:00:00,1.4107099
2025-04-30 06:00:00,1.1201286
2025-04-30 07:00:00,0.57653683
2025-04-30 08:00:00,0.05132889
2025-04-30 09:00:00,-0.41867217
2025-04-30 10:00:00,-0.8441658
2025-04-30 11:00:00,-1.1398151
2025-04-30 12:00:00,-1.1305637
2025-04-30 13:00:00,-0.73003244
2025-04-30 14:00:00,-0.16026014
2025-04-30 15:00:00,0.3825345
2025-04-30 16:00:00,0.7796367
2025-04-30 17:00:00,0.89909893
2025-04-30 18:00:00,0.6617598
2025-04-30 19:00:00,0.23946553
2025-04-30 20:00:00,-0.20628768
2025-04-30 21:00:00,-0.61699736
2025-04-30 22:00:00,-0.96076655
2025-04-30 23:00:00,-1.2021149
2025-05-01 00:00:00,-1.2083629
2025-05-01 01:00:00,-0.83908117
2025-05-01 02:00:00,-0.28252766
2025-05-01 03:00:00,0.31355092
2025-05-01 04:00:00,0.865568
2025-05-01 05:00:00,1.2147292
2025-05-01 06:00:00,1.2307178
2025-05-01 07:00:00,0.87699443
2025-05-01 08:00:00,0.38075247
2025-05-01 09:00:00,-0.07172494
2025-05-01 10:00:00,-0.48254842
2025-05-01 11:00:00,-0.8291569
2025-05-01 12:00:00,-1.017922
